PID,dateCaptured,field_contact_info,field_digital_origin,field_digital_reproduction_info,field_extent,field_form,"field_form, field_form_URI",field_form_URI,field_genre,field_identifier,field_institution_web_site,field_language_of_cataloging,field_linked_agent,field_note,field_oclc_symbol,field_physical_description_note,field_physical_location,"field_physical_location, field_institution_website",field_place_of_origin,field_preferred_citation,field_record_change_date,field_record_content_source,field_record_creation_date,field_record_origin,field_relation,field_repository_collection_guide,field_rights_information,field_rights_statement,field_shelf_location,field_subject_geographic,field_subject_topic,field_sublocation,nan
lsu-moa-cwd:collection,,,,,,,,,,lsu-moa-cwd:collection,,,,,,,,,,,,,,,,,,,,,,,
lsu-moa-cwd:101,,E-mail artmuseum@lsu.edu with questions or comments,,,9-5/8 x 7-7/8 in.,,,,,68.9.75,,,PA,,,Color electron,,"LSU Museum of Art, Shaw Center for the Arts, Baton Rouge, LA",,"Caroline Wogan Durieux Collection at the LSU Museum of Art, Louisiana Digital Library, Baton Rouge, La.",11/14/2018,,8/13/2004,Transformed into MODS from extended Dublin Core by the LDL Development Team at Louisiana State University.,http://louisianadigitallibrary.org/islandora/object/lsu-moa-cwd:collection,http://www.lib.lsu.edu/sites/default/files/sc/findaid/d3827.html,Physical rights are retained by the Louisiana State University Museum of Art. Copyright is retained in accordance with U. S. copyright laws.,,,,Abstract Paintings,,
lsu-moa-cwd:102,,E-mail artmuseum@lsu.edu with questions or comments,,,10 x 15-15/16 in.,,,,,74.12.9,,,PA,,,Color electron,,"LSU Museum of Art, Shaw Center for the Arts, Baton Rouge, LA",,"Caroline Wogan Durieux Collection at the LSU Museum of Art, Louisiana Digital Library, Baton Rouge, La.",11/14/2018,,8/13/2004,Transformed into MODS from extended Dublin Core by the LDL Development Team at Louisiana State University.,http://louisianadigitallibrary.org/islandora/object/lsu-moa-cwd:collection,http://www.lib.lsu.edu/sites/default/files/sc/findaid/d3827.html,Physical rights are retained by the Louisiana State University Museum of ArtCopyright is retained in accordance with UScopyright laws.,,,,Aged persons|Earrings|Women|Hats,,
lsu-moa-cwd:103,,E-mail artmuseum@lsu.edu with questions or comments,,,18 x 13-1/2 in.,,,,,68.9.79,,,PA,,,Color lithograph,,"LSU Museum of Art, Shaw Center for the Arts, Baton Rouge, LA",,"Caroline Wogan Durieux Collection at the LSU Museum of Art, Louisiana Digital Library, Baton Rouge, La.",11/14/2018,,8/13/2004,Transformed into MODS from extended Dublin Core by the LDL Development Team at Louisiana State University.,http://louisianadigitallibrary.org/islandora/object/lsu-moa-cwd:collection,http://www.lib.lsu.edu/sites/default/files/sc/findaid/d3827.html,Physical rights are retained by the Louisiana State University Museum of ArtCopyright is retained in accordance with UScopyright laws.,,,,Women,,
lsu-moa-cwd:104,,E-mail artmuseum@lsu.edu with questions or comments,,,19 x 16 in.,,,,,94.19,,,JC,,,Colored electron print,,"LSU Museum of Art, Shaw Center for the Arts, Baton Rouge, LA",,"Caroline Wogan Durieux Collection at the LSU Museum of Art, Louisiana Digital Library, Baton Rouge, La.",11/14/2018,,8/10/2004,Transformed into MODS from extended Dublin Core by the LDL Development Team at Louisiana State University.,http://louisianadigitallibrary.org/islandora/object/lsu-moa-cwd:collection,http://www.lib.lsu.edu/sites/default/files/sc/findaid/d3827.html,Physical rights are retained by the Louisiana State University Museum of Art. Copyright is retained in accordance with U. S. copyright laws.,,,,Girls,,
lsu-moa-cwd:105,,E-mail artmuseum@lsu.edu with questions or comments,,,16-1/2 x 10-3/8 in.,,,,,68.9.81,,,PA,,,Color Lithograph,,"LSU Museum of Art, Shaw Center for the Arts, Baton Rouge, LA",,"Caroline Wogan Durieux Collection at the LSU Museum of Art, Louisiana Digital Library, Baton Rouge, La.",11/14/2018,,8/13/2004,Transformed into MODS from extended Dublin Core by the LDL Development Team at Louisiana State University.,http://louisianadigitallibrary.org/islandora/object/lsu-moa-cwd:collection,http://www.lib.lsu.edu/sites/default/files/sc/findaid/d3827.html,Physical rights are retained by the Louisiana State University Museum of Art. Copyright is retained in accordance with U. S. copyright laws.,,,,Night|Cemeteries|Crosses|Skeletons|Abstract paintings,,
lsu-moa-cwd:106,,E-mail artmuseum@lsu.edu with questions or comments,,,13 x 19 in.,,,,,68.9.101,,,PA,,,Color lithograph,,"LSU Museum of Art, Shaw Center for the Arts, Baton Rouge, LA",,"Caroline Wogan Durieux Collection at the LSU Museum of Art, Louisiana Digital Library, Baton Rouge, La.",11/14/2018,,8/13/2004,Transformed into MODS from extended Dublin Core by the LDL Development Team at Louisiana State University.,http://louisianadigitallibrary.org/islandora/object/lsu-moa-cwd:collection,http://www.lib.lsu.edu/sites/default/files/sc/findaid/d3827.html,Physical rights are retained by the Louisiana State University Museum of Art. Copyright is retained in accordance with U. S. copyright laws.,,,,Abstract paintings|Invasions,,
lsu-moa-cwd:107,,E-mail artmuseum@lsu.edu with questions or comments,,,19-1/4 x 15 in.,,,,,87.31.2,,,PA,,,Color electron,,"LSU Museum of Art, Shaw Center for the Arts, Baton Rouge, LA",,"Caroline Wogan Durieux Collection at the LSU Museum of Art, Louisiana Digital Library, Baton Rouge, La.",11/14/2018,,8/13/2004,Transformed into MODS from extended Dublin Core by the LDL Development Team at Louisiana State University.,http://louisianadigitallibrary.org/islandora/object/lsu-moa-cwd:collection,http://www.lib.lsu.edu/sites/default/files/sc/findaid/d3827.html,Physical rights are retained by the Louisiana State University Museum of Art. Copyright is retained in accordance with U. S. copyright laws.,,,,Abstract paintings,,
lsu-moa-cwd:108,,E-mail artmuseum@lsu.edu with questions or comments,,,13-1/4 x 14 in.,,,,,77.22.11,,,JC,,,Black electron,,"LSU Museum of Art, Shaw Center for the Arts, Baton Rouge, LA",,"Caroline Wogan Durieux Collection at the LSU Museum of Art, Louisiana Digital Library, Baton Rouge, La.",11/14/2018,,8/13/2004,Transformed into MODS from extended Dublin Core by the LDL Development Team at Louisiana State University.,http://louisianadigitallibrary.org/islandora/object/lsu-moa-cwd:collection,http://www.lib.lsu.edu/sites/default/files/sc/findaid/d3827.html,Physical rights are retained by the Louisiana State University Museum of Art. Copyright is retained in accordance with U. S. copyright laws.,,,,Women|Public speaking,,
lsu-moa-cwd:109,,E-mail artmuseum@lsu.edu with questions or comments,,,15 x 12 in.,,,,,74.1.11,,,NA,,,BLACK AND WHITE ELECTRON,,"LSU Museum of Art, Shaw Center for the Arts, Baton Rouge, LA",,"Caroline Wogan Durieux Collection at the LSU Museum of Art, Louisiana Digital Library, Baton Rouge, La.",11/14/2018,NA,11/24/2003,Transformed into MODS from extended Dublin Core by the LDL Development Team at Louisiana State University.,http://louisianadigitallibrary.org/islandora/object/lsu-moa-cwd:collection,http://www.lib.lsu.edu/sites/default/files/sc/findaid/d3827.html,Physical rights are retained by the Louisiana State University Museum of Art. Copyright is retained in accordance with U. S. copyright laws.,,,,Hands|Skeletons|Windows,,
lsu-moa-cwd:110,,E-mail artmuseum@lsu.edu with questions or comments,,,17-3/4 x 14 in.,,,,,68.9.83,,,PA,,,Color lithograph,,"LSU Museum of Art, Shaw Center for the Arts, Baton Rouge, LA",,"Caroline Wogan Durieux Collection at the LSU Museum of Art, Louisiana Digital Library, Baton Rouge, La.",11/14/2018,,8/13/2004,Transformed into MODS from extended Dublin Core by the LDL Development Team at Louisiana State University.,http://louisianadigitallibrary.org/islandora/object/lsu-moa-cwd:collection,http://www.lib.lsu.edu/sites/default/files/sc/findaid/d3827.html,Physical rights are retained by the Louisiana State University Museum of Art. Copyright is retained in accordance with U. S. copyright laws.,,,,Women,,
lsu-moa-cwd:111,,E-mail artmuseum@lsu.edu with questions or comments,,,19-1/2 x 14-3/8 in.,,,,,68.9.82,,,PA,,,Color lithograph,,"LSU Museum of Art, Shaw Center for the Arts, Baton Rouge, LA",,"Caroline Wogan Durieux Collection at the LSU Museum of Art, Louisiana Digital Library, Baton Rouge, La.",11/14/2018,,8/13/2004,Transformed into MODS from extended Dublin Core by the LDL Development Team at Louisiana State University.,http://louisianadigitallibrary.org/islandora/object/lsu-moa-cwd:collection,http://www.lib.lsu.edu/sites/default/files/sc/findaid/d3827.html,Physical rights are retained by the Louisiana State University Museum of Art. Copyright is retained in accordance with U. S. copyright laws.,,,,Abstract paintings,,
lsu-moa-cwd:112,,E-mail artmuseum@lsu.edu with questions or comments,,,11-1/4 x 15-3/4 in.,,,,,67.1.4,,,PA,,,Color cliché verre,,"LSU Museum of Art, Shaw Center for the Arts, Baton Rouge, LA",,"Caroline Wogan Durieux Collection at the LSU Museum of Art, Louisiana Digital Library, Baton Rouge, La.",11/14/2018,,8/13/2004,Transformed into MODS from extended Dublin Core by the LDL Development Team at Louisiana State University.,http://louisianadigitallibrary.org/islandora/object/lsu-moa-cwd:collection,http://www.lib.lsu.edu/sites/default/files/sc/findaid/d3827.html,Physical rights are retained by the Louisiana State University Museum of Art. Copyright is retained in accordance with U. S. copyright laws.,,,,Abstract paintings,,
lsu-moa-cwd:113,,E-mail artmuseum@lsu.edu with questions or comments,,,11 x 8-1/4 in.,,,,,68.9.35,,,PA,,,Black and white lithograph,,"LSU Museum of Art, Shaw Center for the Arts, Baton Rouge, LA",,"Caroline Wogan Durieux Collection at the LSU Museum of Art, Louisiana Digital Library, Baton Rouge, La.",11/14/2018,,8/3/2004,Transformed into MODS from extended Dublin Core by the LDL Development Team at Louisiana State University.,http://louisianadigitallibrary.org/islandora/object/lsu-moa-cwd:collection,http://www.lib.lsu.edu/sites/default/files/sc/findaid/d3827.html,Physical rights are retained by the Louisiana State University Museum of Art. Copyright is retained in accordance with U. S. copyright laws.,,,,Kings|Carnival|Costumes,,
lsu-moa-cwd:114,,E-mail artmuseum@lsu.edu with questions or comments,,,19-1/16 x 15-1/4 in.,,,,,76.12.11,,,NA,,,ELECTRON WITH WATERCOLOR,,"LSU Museum of Art, Shaw Center for the Arts, Baton Rouge, LA",,"Caroline Wogan Durieux Collection at the LSU Museum of Art, Louisiana Digital Library, Baton Rouge, La.",11/14/2018,NA,12/5/2003,Transformed into MODS from extended Dublin Core by the LDL Development Team at Louisiana State University.,http://louisianadigitallibrary.org/islandora/object/lsu-moa-cwd:collection,http://www.lib.lsu.edu/sites/default/files/sc/findaid/d3827.html,Physical rights are retained by the Louisiana State University Museum of Art. Copyright is retained in accordance with U. S. copyright laws.,,,,Women|Nudes|Toys|Dogs|Eyes,,
lsu-moa-cwd:115,,,,,,,,,,,,,,,,,,,,,,,,,,,,,,,,,
lsu-moa-cwd:116,,E-mail artmuseum@lsu.edu with questions or comments,,,19-1/8 x 11-1/2 in.,,,,,99.9.3,,,PA,,,Color lithograph,,"LSU Museum of Art, Shaw Center for the Arts, Baton Rouge, LA",,"Caroline Wogan Durieux Collection at the LSU Museum of Art, Louisiana Digital Library, Baton Rouge, La.",11/14/2018,,8/3/2004,Transformed into MODS from extended Dublin Core by the LDL Development Team at Louisiana State University.,http://louisianadigitallibrary.org/islandora/object/lsu-moa-cwd:collection,http://www.lib.lsu.edu/sites/default/files/sc/findaid/d3827.html,Physical rights are retained by the Louisiana State University Museum of Art. Copyright is retained in accordance with U. S. copyright laws.,,,,Hands,,
lsu-moa-cwd:117,,E-mail artmuseum@lsu.edu with questions or comments,,,19-1/8 x 11-1/2 in.,,,,,68.9.57,,,PA,,,Color lithograph,,"LSU Museum of Art, Shaw Center for the Arts, Baton Rouge, LA",,"Caroline Wogan Durieux Collection at the LSU Museum of Art, Louisiana Digital Library, Baton Rouge, La.",11/14/2018,,8/13/2004,Transformed into MODS from extended Dublin Core by the LDL Development Team at Louisiana State University.,http://louisianadigitallibrary.org/islandora/object/lsu-moa-cwd:collection,http://www.lib.lsu.edu/sites/default/files/sc/findaid/d3827.html,Physical rights are retained by the Louisiana State University Museum of Art. Copyright is retained in accordance with U. S. copyright laws.,,,,Hands,,
lsu-moa-cwd:118,,E-mail artmuseum@lsu.edu with questions or comments,,,12-1/2 x 15 in.,,,,,68.9.91,,,PA,,,Color electron,,"LSU Museum of Art, Shaw Center for the Arts, Baton Rouge, LA",,"Caroline Wogan Durieux Collection at the LSU Museum of Art, Louisiana Digital Library, Baton Rouge, La.",11/14/2018,,8/13/2004,Transformed into MODS from extended Dublin Core by the LDL Development Team at Louisiana State University.,http://louisianadigitallibrary.org/islandora/object/lsu-moa-cwd:collection,http://www.lib.lsu.edu/sites/default/files/sc/findaid/d3827.html,Physical rights are retained by the Louisiana State University Museum of Art. Copyright is retained in accordance with U. S. copyright laws.,,,,Fish,,
